<?xml version="1.0" encoding="UTF-8"?><rss version="2.0"
	xmlns:content="http://purl.org/rss/1.0/modules/content/"
	xmlns:wfw="http://wellformedweb.org/CommentAPI/"
	xmlns:dc="http://purl.org/dc/elements/1.1/"
	xmlns:atom="http://www.w3.org/2005/Atom"
	xmlns:sy="http://purl.org/rss/1.0/modules/syndication/"
	xmlns:slash="http://purl.org/rss/1.0/modules/slash/"
	>

<channel>
	<title>Montagna &#8211; Vacanzieri</title>
	<atom:link href="/category/montagna/feed/" rel="self" type="application/rss+xml" />
	<link></link>
	<description></description>
	<lastBuildDate>Wed, 01 Mar 2023 15:33:04 +0000</lastBuildDate>
	<language>it-IT</language>
	<sy:updatePeriod>
	hourly	</sy:updatePeriod>
	<sy:updateFrequency>
	1	</sy:updateFrequency>
	<generator>https://wordpress.org/?v=6.1.1</generator>
	<item>
		<title>Una fresca vacanza estiva in montagna</title>
		<link>/2023/03/01/una-fresca-vacanza-estiva-in-montagna/</link>
					<comments>/2023/03/01/una-fresca-vacanza-estiva-in-montagna/#respond</comments>
		
		<dc:creator><![CDATA[Chiara]]></dc:creator>
		<pubDate>Wed, 01 Mar 2023 15:33:04 +0000</pubDate>
				<category><![CDATA[Montagna]]></category>
		<guid isPermaLink="false">/?p=56</guid>

					<description><![CDATA[]]></description>
										<content:encoded><![CDATA[]]></content:encoded>
					
					<wfw:commentRss>/2023/03/01/una-fresca-vacanza-estiva-in-montagna/feed/</wfw:commentRss>
			<slash:comments>0</slash:comments>
		
		
			</item>
		<item>
		<title>Montagna in estate: pro e contro</title>
		<link>/2023/03/01/montagna-in-estate-pro-e-contro/</link>
					<comments>/2023/03/01/montagna-in-estate-pro-e-contro/#respond</comments>
		
		<dc:creator><![CDATA[Chiara]]></dc:creator>
		<pubDate>Wed, 01 Mar 2023 15:31:25 +0000</pubDate>
				<category><![CDATA[Montagna]]></category>
		<guid isPermaLink="false">/?p=53</guid>

					<description><![CDATA[]]></description>
										<content:encoded><![CDATA[]]></content:encoded>
					
					<wfw:commentRss>/2023/03/01/montagna-in-estate-pro-e-contro/feed/</wfw:commentRss>
			<slash:comments>0</slash:comments>
		
		
			</item>
	</channel>
</rss>
